JBL,Traitement faible valeur pour une gamme et r√©paration pour une autre gamme
BISSELL,Traitement en direct par le client - Hotline 01 02 03 04 05
Nintendo,Traitement en direct par le client - Hotline 0607080910
NOKIA,Traitement en direct par le client - Hotline 0805 020 420
NORDMENDE,Traitement en direct par le client - Hotline 01 49 32 59 99
NORTEL,Traitement en direct par le client - Hotline 01 55 86 70 00
OCEANIC,Traitement en direct par le client - Hotline 01 55 86 70 00
OLYMPUS,Traitement en direct par le client - Hotline 01 55 86 70 00
PANASONIC,Traitement en direct par le client - Hotline 01 55 86 70 00
PHILIPS,Traitement en direct par le client - Hotline 01 55 86 70 00
PIONEER,Traitement en direct par le client - Hotline 01 55 86 70 00